x,ideal1,ideal2,ideal3,ideal4,ideal5,ideal6,ideal7,ideal8,ideal9,ideal10,ideal11,ideal12,ideal13,ideal14,ideal15,ideal16,ideal17,ideal18,ideal19,ideal20,ideal21,ideal22,ideal23,ideal24,ideal25,ideal26,ideal27,ideal28,ideal29,ideal30,ideal31,ideal32,ideal33,ideal34,ideal35,ideal36,ideal37,ideal38,ideal39,ideal40,ideal41,ideal42,ideal43,ideal44,ideal45,ideal46,ideal47,ideal48,ideal49,ideal50
-20.0,72.21271455789842,1014.9694432696169,6.2054363515602216,21.32351750097773,66.36268511005495,1005.0033982710995,8.816164123626784,20.663218973512006,70.80032569986125,1011.4395165833254,9.97416631735402,11.127058919053056,45.28141106288143,1014.5385612420922,6.008356294423485,20.33179216547557,70.70961471343568,1007.4469716076286,8.933408436880761,29.589242746631385,72.63741420384635,1005.8211271397387,9.961617662927882,28.5475260723884,61.3124847515917,1010.6448942199421,8.910755038308123,24.167216517535,51.84930265224244,1014.0666469578379,7.6099950999808526,19.83408107770652,46.7988378421549,1014.9998941598717,6.692712758272776,16.441580085989344,45.07742961103633,1014.3834401551777,6.197500316785506,14.015278558960436,45.34459728006003,1013.096815272228,6.013032327242437,12.364031873417908,46.66010147680438,1011.6517209601798,6.0264678067445105,11.284968085587346,48.45629890714579,1010.291870717138
-19.5,49.13854204949289,1007.4301077200623,8.10613707242805,26.872824502835016,57.581430535137166,1006.187207747602,9.591629939627888,23.698714125746665,73.61170172175295,1009.4612317385028,9.975314045157688,10.36501233568812,46.33304607172985,1014.9458673624127,6.104556795737777,21.883043341533146,72.38707977216377,1006.5622439244347,9.241613119989198,29.86807935714441,71.35823410038685,1006.386420740747,9.879838450915509,27.961509812048657,59.51425023360413,1011.3970774909947,8.672941437397302,23.340057486040212,50.5925462686811,1014.4172732786008,7.391476815664259,19.05423908422654,46.206746433397235,1014.9615141291325,6.54813539159972,15.801688065782635,45.003173173237414,1014.1064557641862,6.127086625418407,13.526574826328556,45.61751138848133,1012.709486897797,6.0010774463083045,12.009680317468536,47.14666869946579,1011.2356230297028,6.056065093174425,11.041490020406343,49.06398504445497,1009.8920451213695
-19.0,69.29280918838815,1007.1694618155091,9.878033807430743,29.823696896284233,49.64505185697641,1009.0037520106032,9.977409236373338,26.37593664859508,74.92461848640818,1007.568006555731,9.77816310900252,10.01964063400692,48.109282760879424,1014.9521683051937,6.303486292492943,23.388415235451706,73.67978808173933,1005.846584497941,9.50780450868661,29.99292788975378,69.84764725179333,1007.0708427866617,9.7546119474478,27.28918372724253,57.72300212252467,1012.116259008504,8.423835661605992,22.486289404951172,49.43637443302512,1014.6894865674205,7.180707224209293,18.280166621842465,45.72857036924476,1014.8545417918787,6.418064576171166,15.182034399154276,45.02745399927649,1013.7840124765396,6.071747092129445,13.063149680467282,45.96739435793851,1012.2976012487192,6.002358522702035,11.681117017957156,47.690340684405705,1010.8101878997136,6.096437481449021,10.822307975832347,49.71265135407125,1009.492910068417
-18.5,52.461835212819224,1014.9257313023412,9.370818876238525,29.06048725733376,45.32595447890239,1012.2469150455148,9.879049787496513,28.435559781430854,74.59454209790457,1006.0587396631234,9.402505180665282,10.105879765974183,50.515947688587026,1014.5569531973176,6.594363228523516,24.811230315534598,74.54758665566814,1005.3351893365227,9.722975306736366,29.961840124864793,68.13642956766455,1007.8518300159241,9.588832418460987,26.53783642876541,55.964503453239004,1012.7854502723001,8.167617786387495,21.612713940798052,48.393148941007105,1014.8784546420967,6.980370181992832,17.516585851374987,45.36825879707352,1014.6804560271688,6.303799936579184,14.585606184299417,45.15011255099332,1013.4196797733018,6.031927117589085,12.626812786653812,46.39237376604471,1011.8648914262749,6.016867073717556,11.379402392358987,48.28870200649178,1010.3786304444843,6.147361190106355,10.628016386819809,50.39986710988043,1009.0970186605289
-18.0,65.63264396650519,1008.7308831861898,7.200029370023297,24.871745124605095,46.1329233762882,1014.5278918100331,9.32063341648816,29.678079975112617,72.65780938098739,1005.1717111172536,8.886051967546342,10.620000232252611,53.42544304046828,1013.7922656204025,6.961422691766629,26.116822499992317,74.96352068584648,1005.0532087668831,9.879844635786286,29.77530117665097,66.25944450573527,1008.7036357138674,9.386331401452187,25.715613187423436,54.26404623430978,1013.3888436515939,7.908587230522839,20.726290558484422,47.474023965421814,1014.9808230441793,6.793016701447768,16.76815493000313,45.12878744822284,1014.4416635487244,6.206483167331706,14.015278558960436,45.37034289535872,1013.0174908557676,6.007947193176715,12.219268031120787,46.890175306740026,1011.4152792704112,6.044507030319191,11.10551020573539,48.93909426688132,1009.9442118026986,6.208553952417658,10.459142183903062,51.12305713068537,1008.7069032516945
-17.5,56.38561426145698,1006.1305465922105,6.000054333802881,18.841123990034408,51.78406109663597,1014.8699099378478,8.438879926422919,29.983141624497176,69.32762770147919,1005.0469632215256,8.280649393796235,11.539768368210614,56.683511676866026,1012.7201055544468,7.384770839008605,27.27338177634769,74.91467078947737,1005.0145105452806,9.973104403324026,29.436221923009626,64.2549327819484,1009.5981785016486,9.151789150036654,24.831427632076938,52.6460876798895,1013.9121857927089,7.651090610483619,19.83408107770652,46.68882679564832,1014.9947745854896,6.6210324674825305,16.039439594586998,45.01213406210681,1014.1414656324155,6.127086625418407,13.473800840557749,45.686697999890505,1012.5818979975002,6.000000321503239,11.84210686741703,47.45813496139429,1010.9528398143774,6.085095373267174,10.86032442796813,49.63862790375185,1009.5102147340918,6.279676580973028,10.316143364128873,51.87951143009853,1008.3250592492204
-17.0,61.52378555544932,1014.4896384034464,7.227138641003735,13.24864346707199,60.30526264997525,1013.1265085525381,7.449673323896806,29.321195206281534,64.97060379731369,1005.7041909257175,7.647072869697789,12.825407861456402,60.11741561820841,1011.427402491508,7.841463099929352,28.252729234333458,74.4025542997555,1005.2209978436449,9.999598916157252,28.949893582285835,62.16373327402778,1010.5059680917813,8.890626462768049,23.894865118001384,51.13389844825453,1014.3431143116892,7.399448802802369,18.943193413948357,46.04595276421696,1014.9200616058573,6.4666074591157425,15.334885308792542,45.01926205251426,1013.7840124765396,6.066403614841078,12.96378327284922,46.09709924043961,1012.1177232571956,6.008150463028046,11.49680210181548,48.09321325548305,1010.4817643509006,6.138363344987944,10.644636380801927,50.38419503004243,1009.0799188127087,6.36033484777468,10.199407748940757,52.66639537158562,1007.95392915164
-16.5,60.59731320589708,1010.1327557701198,9.39213861972778,10.20867370029513,68.71982717721653,1010.0442565464521,6.595205884994573,27.756359567098382,60.06638546982076,1007.0396324264639,7.048926144008015,14.421319919090598,63.54509435716161,1010.018967293519,8.306747724075729,29.03100362904568,73.44307813577694,1005.662515651906,9.958431661716936,28.32390514557987,60.02845099145615,1011.3970774909947,8.608879396300866,22.91607881313853,49.74922794624995,1014.6714498184365,7.157884438367402,18.06072495224803,45.55227548386699,1014.7580103694476,6.331708063152032,14.658790143932336,45.15011255099332,1013.3742458258533,6.02504046018227,12.487684443007069,46.59885005887499,1011.6301050979865,6.032332021272745,11.184702142036219,48.79201152454113,1010.0063224446519,6.203958229164736,10.459142183903062,51.172483241169815,1008.6565756442337,6.4500816694165,10.109251932383774,53.48076029060671,1007.5958869250568
-16.0,57.29354326063374,1005.3998698090161,9.867691179226336,10.870547492723723,74.08830520045306,1006.9430527595871,6.084681039353231,25.4402111088937,55.1548590243693,1008.8424508744923,6.546256223857957,16.2584876942878,66.78481743741371,1008.6089942494157,8.755407273159337,29.589242746631385,72.06604471558794,1006.3173501996555,9.850995643953384,27.56802495307928,57.89258906320451,1012.2421295999218,8.313059758555362,21.905679628754854,48.51199151348044,1014.8894363741839,6.930451045311336,17.19370600485643,45.213073354840766,1014.5114975216424,6.218052034992425,14.015278558960436,45.40360489303261,1012.917830652575,6.003410448410493,12.047799429769508,47.188653680929114,1011.124441504115,6.072350370774938,10.907025731743182,49.55079010234553,1009.5308232352992,6.281445686264841,10.304440508176762,51.999990331374995,1008.2433842946692,6.5484195852376255,10.04592042248235,54.319554544050646,1007.2532228178644
-15.5,64.76143052279552,1013.6959034832461,8.076683499722886,14.984027730353866,74.53533289408574,1005.1509116673325,6.043093074362232,22.597101476579315,50.77671528858647,1010.8280208772416,6.1895253503390535,18.257460990323956,69.66481953364192,1007.3118023349097,9.163125352645812,29.9138454078655,70.31422625927354,1007.1532968356672,9.680926247328937,26.69404826237736,55.79966242764306,1013.0132656844991,8.010004606201532,20.87462118775655,47.4399839853918,1014.9919247022198,6.720965029498528,16.349043803240903,45.03197312819877,1014.1848990243959,6.127086625418407,13.40827623957409,45.77764554302365,1012.4210768388596,6.001729699453441,11.646248739799976,47.862634777788074,1010.6063302246807,6.127883423532795,10.664857191376239,50.36548833399225,1009.0595763818733,6.370312629538736,10.181030643594337,52.86303985331797,1007.8434671160392,6.654803514713782,10.009584978119733,55.179634945557865,1006.9281287109715
-15.0,53.27889575806245,1011.524053105511,6.192615589816986,20.993915468988483,69.9047506236612,1005.4352737463619,6.480624174282357,19.502425936989212,47.413927063853215,1012.6828645900022,6.014545173646917,20.33179216547557,72.03240719497556,1006.2325663628018,9.50780450868661,29.996902853162233,68.24203623528265,1008.1292438471439,9.453978223880002,25.715613187423436,53.792311281853394,1013.6850637915945,7.7067182249134705,19.83408107770652,46.548623754987794,1014.9764938240625,6.532941634000833,15.533467470629738,45.010911128577035,1013.7840124765396,6.059970151874515,12.841486149914209,46.26914538429546,1011.8908519434733,6.02001500679911,11.284968085587346,48.616364929098005,1010.0815068059698,6.198484221332876,10.459142183903062,51.231746306765814,1008.5968530024282,6.4699706224475175,10.089310887766052,53.75779745179286,1007.4598461517949,6.768643778802364,10.00034414321751,56.057778543880126,1006.6226840972442
-14.5,68.54625501397967,1005.0356367595773,6.5019218770360485,26.628029848156917,61.81415399892711,1007.674367909331,7.29015146642259,16.455947463138354,45.43669061574187,1014.1141429748435,6.0388816779562635,22.391774649574334,73.76205442588802,1005.4587895313967,9.770763863178992,29.836391435013063,65.9138392163735,1009.1971943267324,9.177830965819545,24.64798788031609,51.91143235246423,1014.2353768315647,7.410210244585619,18.79533967586598,45.85073101427286,1014.8435082477951,6.369535952182387,14.75347441348168,45.15011255099332,1013.3159541979612,6.017557248913439,12.318365942959053,46.87404523142658,1011.3344862586617,6.058083669700819,10.965699054163627,49.44489172008208,1009.5557810983552,6.283584533096835,10.290684022025495,52.14492818250713,1008.1468469630144,6.579759775022421,10.02957726046054,54.680287898995836,1007.09542030022,6.889309368494134,10.01822297947855,56.95069470014065,1006.3388427798487
-14.0,49.79964756618992,1012.6077550104345,8.62923980675555,29.756260054681576,53.08982118882956,1010.9093569870163,8.273474436415666,13.752760462458076,45.06267220817613,1014.8958886457566,6.260091759953061,24.348322396250765,74.76205788879396,1005.0532087668831,9.937751577677977,29.436221923009626,63.40195164297097,1010.3046266522299,8.861828652801362,23.5078322768962,50.19534568704582,1014.6460626987684,7.127333631032064,17.769657859904523,45.356343364913855,1014.5961093576577,6.233489984212917,14.015278558960436,45.44808905306067,1012.7890329045664,6.000387985618621,11.84210686741703,47.58734935413445,1010.7596714697839,6.115555318662684,10.68998071162153,50.34277128158432,1009.0349729406429,6.382499428293751,10.16014053126063,53.10014700661518,1007.7136368668209,6.698953113356496,10.002022548219534,55.62641275566161,1006.7529434084037,7.0161314424541725,10.063172998418132,57.855037418737936,1006.078420374578
-13.5,71.65028973032447,1012.7939452442581,9.992935815114249,29.195904329140518,46.77941264456648,1013.7549362338584,9.189841326619785,11.654706721453284,46.33304607172985,1014.9046811503324,6.655968488125982,26.116822499992317,74.97939887935503,1005.0487080862719,9.99971727276683,28.806144220162487,60.78439559249405,1011.3970774909947,8.516664066657139,22.312938124020217,48.67901394142149,1014.903582360243,6.864626298544844,16.76815493000313,45.07257145014255,1014.2401412082944,6.127086625418407,13.324760850787879,45.901654668352585,1012.2126022164742,6.008680988578751,11.415614299795267,48.4031667358758,1010.1743543187342,6.191855715965877,10.459142183903062,51.304104059234405,1008.524847733845,6.494432789608897,10.068021481146252,54.092290860915185,1007.3011490879968,6.8267613932956674,10.00673568215137,56.591968579603694,1006.4350034623177,7.1484070343648956,10.135072292867664,58.76741788568595,1005.8430826961065
-13.0,47.132953601325184,1005.0668620397976,8.938079373440937,25.158818468181092,45.087335622242776,1014.9925561154218,9.814893562900393,10.36501233568812,49.10796169285912,1014.1391323454283,7.186770421623364,27.6207943676568,74.4025542997555,1005.4456523995161,9.953302539396965,27.961509812048657,58.14247532512592,1012.4208202973435,8.154016772578697,21.081951345301086,47.39333006872964,1014.9994461954201,6.628160004000977,15.801688065782635,45.00349668430607,1013.7840124765396,6.052111358559479,12.687422397857869,46.50595987077385,1011.5968946176421,6.042330657983516,11.041490020406343,49.31475972641262,1009.5866267412376,6.286222493262105,10.27429624962417,52.32257357671094,1008.0310526175847,6.618483720500247,10.014686594601685,55.11605022043467,1006.9131221851898,6.962338326455074,10.043701450911415,57.57266560076142,1006.1440030302518,7.285402949421582,10.233725867594279,59.6844171674063,1005.6343351024624
-12.5,73.82626904587124,1011.3118742685197,6.7448048503855045,19.171318706694016,48.60468130711768,1014.0922362657898,9.99559655835716,10.0086023961493,53.08193941255216,1012.7201055544468,7.799211190869024,28.79519719983189,73.0621075963027,1006.2118579230364,9.801022957524573,26.922897736579515,55.55825188126426,1013.3255075748941,7.786157909851043,19.83408107770652,46.364487922488465,1014.9304938724547,6.423400014915019,14.880734624851408,45.15011255099332,1013.2384978317201,6.009822292853415,12.10834064885901,47.25454342572067,1010.9528398143774,6.1009085122896884,10.722016341436845,50.31459968653332,1009.004613996861,6.397712768906133,10.136333975821813,53.391487938407344,1007.5590539556677,6.753653796071393,10.00034414321751,56.165946367685635,1006.553073017341,7.1047861839564135,10.112800549795711,58.564146779784366,1005.8821411073908,7.4263598283823855,10.35886616813971,60.602599022386606,1005.4535128658716
-12.0,45.491241175891766,1013.8412733066183,6.074788267372867,13.497121598428832,56.10273965679369,1011.4395165833254,9.687707917464984,10.620000232252611,57.817499492870795,1010.8716339061149,8.431808832226318,29.589242746631385,71.02912727034477,1007.2852016034878,9.5511317570205,25.715613187423436,53.11199417251959,1014.0666469578379,7.425534965096756,18.58879991940133,45.61344859666859,1014.6989985345155,6.255078794823868,14.015278558960436,45.51031031403038,1012.6164834165005,6.000929052494757,11.592128942047497,48.139401473637186,1010.291870717138,6.183668644335148,10.459142183903062,51.394429165372024,1008.4363623383244,6.525212568917509,10.04592042248235,54.50382379880557,1007.1140768228604,6.8988550989022075,10.025050133959455,57.23636071239189,1006.2242648688417,7.253161740780862,10.213809965789455,59.562007165480665,1005.6513964987257,7.570496356646094,10.510153806444137,61.518522777696255,1005.3017726315734
-11.5,74.90085569583408,1005.4910582617559,7.741136718027301,10.281492184703463,64.96222316923573,1008.1703592232353,8.966609517506011,12.139983340475272,62.79332255835347,1008.8855504294987,9.021057865433932,29.968591697431172,68.41139893145792,1008.5786579827251,9.217172510142449,24.369070967326127,50.87968573826657,1014.6077893378927,7.084350578337444,17.365540066365792,45.15551337528295,1014.3125918613397,6.127086625418407,13.214702179115278,46.078909346860016,1011.9326624505221,6.025580868931893,11.142899752422668,49.15107310732661,1009.6257204897254,6.289557219424825,10.254471188430134,52.545330096817416,1007.8897277730736,6.667447957440352,10.00349143655794,55.65227250965499,1006.7010471627639,7.052918975160792,10.088708090462383,58.32156485975516,1005.929677872947,7.406482521376779,10.346403697327528,60.561813465128,1005.4535128658716,7.717013595026973,10.687178481287138,62.42875622210789,1005.1800850192377
-11.0,45.00528816050475,1009.9114903744729,9.721631976667377,10.740175571913728,72.08825936460676,1005.6847006601599,8.008851395976102,14.421319919090598,67.46163961675674,1007.0754140355411,9.50780450868661,29.916838719427695,65.34771066386958,1009.9873551208054,8.817245098687367,22.91607881313853,48.930664610718374,1014.9223214252231,6.7741496340935665,16.183390079476684,45.00001199199671,1013.7840124765396,6.042381693390398,12.487684443007073,46.84773164408578,1011.2031881472842,6.083364076715114,10.7642319291019,50.27874152802387,1008.9662142685456,6.417225894443705,10.109251932383774,53.75779745179286,1007.3722674549682,6.822997765489308,10.009251550925743,56.82928814174453,1006.3245372571004,7.21460544052306,10.191069429768444,59.41575126634747,1005.6719820015145,7.563733305166611,10.510153806444137,61.559123740700265,1005.289985550786,7.865099408221514,10.889460091049383,63.3298884675107,1005.089228414312
-10.5,74.78844872373824,1014.5826077395782,9.61281898782451,14.69975560675361,74.99151878251507,1005.0469632215256,7.048926144008015,17.243030344708387,71.30853381514957,1005.7270054595585,9.843185033566046,29.436221923009626,62.000494687536346,1011.3970774909947,8.373024738845151,21.392038053931213,47.32546959699158,1014.9947745854896,6.505428609397527,15.060797013899109,45.15011255099332,1013.1306859948876,6.0029217200896365,11.84210686741703,47.80571944350165,1010.4452921430608,6.173309054936591,10.459142183903063,51.51034969866852,1008.3250592492204,6.5650489871232445,10.024370313034115,55.02181773813007,1006.8911352075839,6.990307790800285,10.063172998418132,58.027137065739105,1005.9887151100744,7.382613160196359,10.331734433038198,60.51306431957275,1005.4535128658716,7.72387284887649,10.704531799915806,62.54950714350362,1005.1620502759588,8.013932966420386,11.11645003577727,64.21854273042018,1005.0297839890096
-10.0,45.71380529377265,1006.2744341976032,7.546749129553818,20.663218973512006,72.65780938098739,1006.5302423271147,6.321856941847095,20.33179216547557,73.91051554576462,1005.0532087668831,9.993531117729047,28.5475260723884,58.547215442121335,1012.6935264419308,7.908587230522839,19.83408107770652,46.11395987508434,1014.8215855846439,6.287280397472849,14.015278558960436,45.602756981670154,1012.3741505541112,6.0096187141836666,11.284968085587346,48.93909426688132,1009.6768774513239,6.293906497782691,10.230061058274805,52.8327292578124,1007.7136368668209,6.731144176834558,10.00034414321751,56.326951699723814,1006.4529826235049,7.167706326905715,10.164995845676911,59.23794876630736,1005.6972983081288,7.555589922722824,10.510153806444137,61.6076316743739,1005.2762505481403,7.885840781176304,10.928910334940152,63.52856359954484,1005.0706738064605,8.162689295113447,11.36753270501914,65.09138898568882,1005.0021319847925
-9.5,73.49800240453791,1008.518157106453,6.030727594406822,26.37593664859508,65.90236299521837,1009.4993600722671,6.005655687607243,23.388415235451706,74.9811427684293,1005.1604016398426,9.943749754727321,27.28918372724253,55.17096068491924,1013.7715873994358,7.449104100130575,18.280166621842465,45.333766311249335,1014.4112718281704,6.127086625418407,13.063149680467282,46.348723342176015,1011.5393467696252,6.062317893087775,10.822307975832347,50.231555092086815,1008.9160955578993,6.443132741173483,10.078813560037629,54.23174131581389,1007.1428007588238,6.913396473312694,10.037319992464973,57.66242053197422,1006.0638671068956,7.353420866272994,10.314229246186276,60.45376755566445,1005.4535128658716,7.732143523263961,10.725630826151324,62.69359567948474,1005.1418016548794,8.048564623977075,11.182565243845508,64.49194335817391,1005.0165466444153,8.310543847868574,11.64202714739805,65.94515644500078,1005.0064492801221
-9.0,47.56035250705275,1014.9588942672156,6.9045414795514635,29.678079975112617,57.08505140316995,1012.6828645900022,6.177739476230646,26.116822499992317,74.4025542997555,1006.0316606807543,9.698838417138706,25.715613187423436,52.05073444879893,1014.5438524340234,7.019478357318601,16.76815493000313,45.00912260260099,1013.7840124765396,6.030267877150224,12.219268031120787,47.37281370245079,1010.6537955201799,6.159801260338387,10.459142183903062,51.664512806240815,1008.1809176467114,6.618483720500247,10.006604624195925,55.69242762792503,1006.6226840972442,7.109485148103768,10.135072292867664,59.017194901482846,1005.7291681306526,7.5455958106138254,10.510153806444137,61.66660484674393,1005.2600575137561,7.910852968772286,10.977324059009048,63.76514472504712,1005.0513847557008,8.210966893893783,11.464677871296729,65.4353663171501,1005.0000778111012,8.456677076737662,11.93918891739307,66.7766458133903,1005.0427082590415
-8.5,71.13231295220675,1007.3545865693999,9.107762899272103,29.321195206281534,49.286015219591995,1014.7174981350774,6.795976194630352,28.252729234333458,72.23844469202899,1007.5294332443069,9.283383368170941,23.894865118001384,49.351966513174226,1014.9477071942339,6.642994804752262,15.334885308792542,45.15011255099332,1012.9706560375421,6.000100273474379,11.49680210181548,48.65416377893598,1009.7466906702687,6.299815756228741,10.199407748940757,53.217357567886324,1007.4887100846163,6.817016989639171,10.014009513649505,57.19917052792799,1006.1625197100798,7.3169132858005925,10.29300471513404,60.380086034809146,1005.4535128658716,7.742311011408951,10.75182505386549,62.86849164253569,1005.1190738228509,8.09027991486508,11.264250648329288,64.81654434383437,1005.0058193388362,8.371972236851011,11.77433771645403,66.35464103827417,1005.0213917561108,8.600278974956378,12.258212094320527,67.5827412778554,1005.1106769878235
-8.0,50.39783490796201,1007.2428665937915,9.966644649962554,25.4402111088937,45.22968216308809,1014.7319787841906,7.708999932382773,29.589242746631385,68.72705234788756,1009.4172539757475,8.739091485445446,21.905679628754854,47.217741561813,1014.9504076054792,6.340058051268257,14.015278558960436,45.752356848695655,1012.0112032419436,6.037604615793906,10.907025731743182,50.166668012619844,1008.8479366394113,6.479125331082353,10.04592042248235,54.86775523273653,1006.8558241932209,7.035401096148593,10.100969236278761,58.73585991230966,1005.7704761851703,7.533039578773077,10.510153806444137,61.73983812400594,1005.2407122117907,7.941600955397423,11.038077989700437,64.05153089670662,1005.0321224974233,8.268980242350509,11.585290151921035,65.84216789964063,1005.0055183837528,8.530514548589236,12.110545371557427,67.24568336910414,1005.0803274169256,8.74055356675775,12.598231468039629,68.36042218314242,1005.2099206985539
-7.5,67.87982983226594,1014.9401581204643,8.438879926422919,19.502425936989212,46.33304607172985,1012.7201055544468,8.693270635670052,29.996902853162233,64.2549327819484,1011.3970774909947,8.120603373281668,19.83408107770652,45.76121304456322,1014.5517347215539,6.127086625418407,12.841486149914209,46.797149104658494,1010.9528398143774,6.141511844568279,10.459142183903062,51.87951143009853,1007.9871625466525,6.693585737633935,10.00034414321751,56.591968579603694,1006.2972099980917,7.269971484118028,10.266791014913895,60.286065489578476,1005.4535128658716,7.755111960531931,10.785194867908558,63.08522128577773,1005.0937081105894,8.141474403335407,11.36753270501914,65.20794940146648,1005.0001660977794,8.44551568023233,11.93918891739307,66.83652669860534,1005.0504846181394,8.685544033923073,12.472215747452706,68.10453458802209,1005.1764394360132,8.876723319412894,12.958324885454662,69.10677435094891,1005.3398045701639
-7.0,54.00022027517473,1008.6454710584607,6.37850692053418,13.752760462458076,52.210670188249715,1009.5434138222263,9.50780450868661,29.436221923009626,59.31440422892129,1013.1563331893616,7.490008078541374,17.769657859904523,45.05960394882536,1013.7840124765396,6.015623126097772,11.84210686741703,48.25203688623929,1009.847615887465,6.3083059813307365,10.16014053126063,53.75779745179286,1007.1927454308585,6.938240313897696,10.063172998418132,58.365198716401935,1005.826063079368,7.516791986601095,10.510153806444137,61.83321245303293,1005.2172563125781,7.980302649451746,11.11645003577727,64.40512430653307,1005.0145328754097,8.339934285800481,11.738601032691298,66.33014886174743,1005.0235583846198,8.618465381645368,12.32456497763973,67.79429936232974,1005.1403104931834,8.836034158008209,12.858181575648718,68.92737899203692,1005.3090015262488,9.008033453043188,13.337515751449935,69.819001000129,1005.4994977891175
-6.5,63.99964398539906,1006.187207747602,6.285917337628977,10.36501233568812,60.809331308439745,1006.5622439244347,9.953175251456047,27.961509812048657,54.44935024556193,1014.4172732786008,6.910610069064633,15.801688065782635,45.15011255099332,1012.709486897797,6.011708638202901,11.041490020406343,50.07182972857312,1008.7498861851832,6.532343101205634,10.014686594601685,55.76325885668332,1006.4908747481949,7.207434542765724,10.233725867594279,60.16194175587401,1005.4535128658716,7.771720875769424,10.82911882609818,63.360758698687526,1005.0659004230844,8.205744156620586,11.501898517099518,65.68864640737097,1005.0042810938833,8.534997657249175,12.14949420329367,67.41075582011256,1005.1020404028721,8.786437359552716,12.739913447392874,68.71036030559357,1005.274181877366,8.980988443588952,13.267197175603352,69.71056084918429,1005.4770119592295,9.133756124314917,13.73477567747476,70.49443322698026,1005.6879788637833
-6.0,58.08054465558893,1014.5278918100331,8.273474436415666,10.620000232252611,69.12526971798383,1005.0532087668831,9.920340573300733,25.715613187423436,50.19534568704582,1014.9808230441793,6.440574197909269,14.015278558960436,46.02794021886587,1011.4152792704112,6.115555318662683,10.459142183903062,52.200002801673776,1007.7136368668209,6.806042310173114,10.025050133959455,57.85503741873794,1005.9046889873879,7.494946740606628,10.510153806444137,61.956355631072185,1005.1883597358258,8.030480362444644,11.22114499305263,64.8523716935411,1005.0021319847925,8.428565799306417,11.93918891739307,66.925187271135,1005.0630944955955,8.724715508953347,12.59823146803963,68.44267010435927,1005.2347433483505,8.948079690164391,13.183612399766659,69.57980716627111,1005.4508854352944,9.119447069218042,13.697942475079461,70.45060064020748,1005.6792011350082,9.25319446082645,14.149027270595377,71.1305400063394,1005.904042158495
-5.5,59.800848791654104,1010.0442565464521,9.929153176050926,14.421319919090598,74.25348887937794,1005.662515651906,9.41733954858252,22.91607881313853,47.02069735595646,1014.7580103694476,6.127086625418407,12.487684443007073,47.64654582802762,1010.0063224446519,6.321534897983468,10.109251932383774,54.57045263577268,1006.7898304968859,7.120142264855524,10.191069429768444,59.9905163311267,1005.4535128658716,7.794131854357218,10.889460091049383,63.7226317747856,1005.0368671343905,8.288728378783787,11.683109174318806,66.292103103111,1005.0270829803247,8.64593025509238,12.425653585118985,68.10453458802209,1005.190159992692,8.907192242851155,13.082649647163116,69.41911147949125,1005.4201981855092,9.10209139390663,13.653929199847306,70.39798704065387,1005.6688196246964,9.25049322475838,14.149027270595377,71.14421051736066,1005.9140411760461,9.365686423825585,14.579147055449717,71.72493767601048,1006.1463056055052
-5.0,62.31377174831376,1005.4352737463619,9.24368369353056,20.33179216547557,74.4025542997555,1008.1292438471439,8.567324370926453,19.83408107770652,45.27488992933382,1013.7840124765396,6.001617874947575,11.284968085587346,49.92011330341903,1008.5968530024282,6.618483720500247,10.00034414321751,57.109550370075176,1006.0238997148848,7.464014554793836,10.510153806444137,62.12618845884511,1005.1522202540884,8.098075043633262,11.36753270501914,65.4353663171501,1005.0026136186096,8.542131439581484,12.21133106563205,67.66455931111457,1005.1403104931834,8.855069691215025,12.958324885454662,69.216948396727,1005.3837209207157,9.08060461173628,13.600413557728103,70.3336641975296,1005.6563519098206,9.247232906366259,14.149027270595377,71.16052138377971,1005.9260092119038,9.373259182083377,14.618995714219576,71.78830891165423,1006.1797574728841,9.470608477846312,15.023968521180493,72.27539886898451,1006.4132195455024
-4.5,55.61791786899246,1013.7549362338584,7.048926144008015,26.116822499992317,69.52039313913951,1011.3970774909947,7.57840840113844,16.76815493000313,45.15011255099332,1012.2126022164742,6.076763556621624,10.459142183903062,52.72810146069185,1007.3011490879968,6.990307790800285,10.135072292867664,59.73842874869854,1005.4535128658716,7.826023343088149,10.977324059009048,64.21854273042018,1005.010743830341,8.399751498231574,11.93918891739307,67.06992546260611,1005.0864083247643,8.786437359552716,12.801602511126342,68.95506600810054,1005.3398045701639,9.053321009048888,13.533953304088477,70.2532415245678,1005.6411013242711,9.24321993654133,14.149027270595377,71.18031915244728,1005.9405902747509,9.382336054934648,14.666973264639799,71.86332944151233,1006.2201231742663,9.486932040778523,15.10633101222871,72.38003422364517,1006.4743420942864,9.567379046924408,15.482285285083162,72.77986085997915,1006.7030766401426
-4.0,66.36268511005495,1011.4395165833254,6.008356294423485,29.589242746631385,61.3124847515917,1014.0666469578379,6.692712758272776,14.015278558960436,46.66010147680438,1010.291870717138,6.344979913884594,10.04592042248235,55.92163492149152,1006.2242648688417,7.416855034088215,10.510153806444137,62.375431827103746,1005.1067214776708,8.193919096001157,11.585290151921035,66.22495060981602,1005.0337476313482,8.692188797281748,12.598231468039629,68.60279979108685,1005.2862718549627,9.017546606376628,13.449221028214815,70.14982508924771,1005.6220239009499,9.238159754948075,14.149027270595377,71.20485546225584,1005.9587429517694,9.393413418694331,14.725846142281345,71.95351336324596,1006.2697667317434,9.506313460854184,15.20574461395797,72.50265008897333,1006.548495827238,9.590759110798752,15.609460320464393,72.91675753694716,1006.7955689605203,9.655461738234306,15.952854364388752,73.23643329502204,1007.014022793188
-3.5,51.78406109663597,1005.0469632215256,7.384770839008602,29.436221923009626,52.64608767988951,1014.9947745854896,6.127086625418407,11.84210686741703,49.63862790375185,1008.3250592492204,6.779341129331633,10.063172998418132,59.33139726579214,1005.4535128658716,7.87500749583366,11.11645003577727,64.93865129836017,1005.0005806915295,8.555253078632381,12.32456497763973,68.10453458802209,1005.2204732934922,8.968628057562704,13.337515751449935,70.01194238761963,1005.5974830344608,9.23158109217424,14.149027270595377,71.23606218377893,1005.981958681528,9.407232265637676,14.79979458046273,72.06393104667787,1006.3322544478084,9.529684374568976,15.328089563708172,72.64816652575011,1006.6402372628424,9.618167290994775,15.76323742796062,73.07506195845637,1006.9081509846513,9.684052896440075,16.126759820589218,73.39609429797645,1007.1410106651145,9.734368315278846,16.434399547308264,73.6434052751125,1007.3440690103956
-3.0,69.9047506236612,1012.6828645900022,9.50780450868661,25.715613187423436,46.548623754987794,1013.7840124765396,6.02001500679911,10.459142183903062,53.75779745179286,1006.6226840972442,7.33624236508401,10.510153806444137,62.776607938023304,1005.0513847557008,8.339934285800481,11.93918891739307,67.34847065807256,1005.1403104931834,8.897798591095526,13.183612399766659,69.81900100012902,1005.5647650537027,9.222680146484201,14.149027270595377,71.27708593711343,1006.0126904352153,9.424949249076837,14.895446130927006,72.2021632386048,1006.4132195455024,9.55838563882834,15.482285285083162,72.82337336793687,1006.7564720631058,9.650671229819357,15.952854364388752,73.25971439295336,1007.047900720354,9.716997288921677,16.337274709139525,73.5775017491081,1007.2958289332058,9.766195648623912,16.656559960858758,73.81591491004328,1007.5080568179758,9.803661404151692,16.92561485419619,73.99925176741763,1007.6911041222926
-2.5,48.60468130711768,1012.7201055544468,9.801022957524573,19.83408107770652,45.15011255099332,1010.9528398143774,6.397712768906133,10.00034414321751,58.564146779784366,1005.4535128658716,7.959777183743863,11.36753270501914,66.07460696470503,1005.0504846181394,8.786437359552716,12.958324885454662,69.5300381833214,1005.5190389948502,9.209964691548409,14.149027270595377,71.33342020051045,1006.0552726857787,9.448473349300311,15.023968521180493,72.38003422364517,1006.5220860312598,9.594406296895958,15.68253115572629,73.0377986958443,1006.9081509846513,9.689695147420098,16.1923359100761,73.47691036459962,1007.2255310426814,9.755165123780746,16.59712880743036,73.78413876458997,1007.4882442269825,9.802008020616517,16.92561485419619,74.0072806203898,1007.7080159766866,9.836643455350922,17.19715084449529,74.17435419472106,1007.8939337712544,9.862956917871777,17.425168079446266,74.30263931997811,1008.0529082884567
-2.0,72.65780938098739,1005.0532087668831,7.908587230522839,14.015278558960436,48.93909426688132,1007.7136368668209,7.167706326905715,10.510153806444137,63.52856359954484,1005.0021319847925,8.587349907537742,12.598231468039629,69.05053931604003,1005.4508854352944,9.190317198938256,14.149027270595377,71.41559191208577,1006.1181403934967,9.481188406652292,15.20574461395797,72.61693820122855,1006.6758256819683,9.64078907763361,15.952854364388752,73.30492384168926,1007.1136368838169,9.737108691583986,16.50401191864658,73.73403393651544,1007.4579672453435,9.799488748213802,16.92561485419619,74.01914462322573,1007.7329467053548,9.84212198800577,17.257807107892734,74.21799388888407,1007.956393133855,9.872515276534262,17.52596040745477,74.36209858158966,1008.1409762821427,9.894929843239256,17.746787748272567,74.46981967845846,1008.2957255788946,9.91192618535191,17.93170440451359,74.55243105850927,1008.4271671969194
-1.5,46.33304607172985,1011.3970774909947,6.127086625418407,10.459142183903062,56.591968579603694,1005.4535128658716,8.141474403335407,11.93918891739307,68.10453458802209,1005.3398045701639,9.155959499759403,14.149027270595377,71.5466254609377,1006.2201231742663,9.529684374568976,15.482285285083162,72.9465644066503,1006.9081509846513,9.702292157972751,16.337274709139525,73.6434052751125,1007.4059663442068,9.795182482781124,16.92561485419619,74.03845235516903,1007.7733693832834,9.850661840822585,17.35334397473367,74.28342480953135,1008.0529082884567,9.886368373046034,17.677648813884886,74.44559795437789,1008.2717040936435,9.910672978251212,17.93170440451359,74.5584291030025,1008.4471649833981,9.927951578469148,18.1359670323773,74.64005680037856,1008.5907857393889,9.94066886629943,18.30369675350078,74.70099866761862,1008.7103960314862,9.95029777320072,18.44385007226444,74.74769094657303,1008.8114868678643
-1.0,74.4025542997555,1013.7840124765396,6.618483720500247,10.510153806444137,65.4353663171501,1005.1403104931834,9.08060461173628,14.149027270595377,71.78830891165423,1006.4132195455024,9.608524139557048,15.952854364388752,73.43052660435548,1007.2958289332058,9.78614590639686,16.92561485419619,74.07540192465719,1007.8502181823583,9.865794309845619,17.52596040745477,74.39190871667876,1008.2216242106573,9.908085186157475,17.93170440451359,74.57006962278044,1008.4856993337273,9.933160286055966,18.22376099769022,74.68009722460535,1008.6824130442823,9.949227731234553,18.44385007226444,74.75274837697006,1008.8343549546648,9.960133155682483,18.615572112628847,74.8032075634516,1008.9551268796861,9.967870746907495,18.753252666147723,74.83966776453983,1009.053367526947,9.97355766149339,18.866080471238046,74.8668640805127,1009.1348115999069,9.9778589902599,18.960216112688645,74.8876872931567,1009.2034089669288
-0.5,45.15011255099332,1005.4535128658716,8.786437359552716,14.149027270595377,72.38003422364517,1006.9081509846513,9.755165123780746,16.92561485419619,74.17435419472106,1008.0529082884567,9.899611575969427,17.93170440451359,74.6023610944486,1008.5907857393889,9.9458021241629,18.44385007226444,74.7670414922871,1008.8980112827194,9.966162330491972,18.753252666147723,74.84719890669922,1009.0959095838108,9.97688775254375,18.960216112688645,74.89212953780799,1009.2338000826422,9.983219676701491,19.108328684789907,74.91980995805712,1009.3353068868885,9.987266396645039,19.219544486100325,74.93805920550844,1009.4131207112918,9.990008330556051,19.30611358427749,74.95072094334876,1009.4746556311702,9.991951492107049,19.3754068215762,74.95986324249151,1009.5245290620762,9.993378454156007,19.43212384325069,74.96667901051683,1009.5657651143783,9.994457066537132,19.47940210987022,74.9718954945149,1009.6004265301541
0.0,75.0,1010.0,10.0,20.0,75.0,1010.0,10.0,20.0,75.0,1010.0,10.0,20.0,75.0,1010.0,10.0,20.0,75.0,1010.0,10.0,20.0,75.0,1010.0,10.0,20.0,75.0,1010.0,10.0,20.0,75.0,1010.0,10.0,20.0,75.0,1010.0,10.0,20.0,75.0,1010.0,10.0,20.0,75.0,1010.0,10.0,20.0,75.0,1010.0,10.0,20.0,75.0,1010.0
0.5,45.15011255099332,1014.5464871341284,8.786437359552716,25.850972729404624,72.38003422364517,1013.0918490153487,9.755165123780746,23.07438514580381,74.17435419472106,1011.9470917115433,9.899611575969427,22.06829559548641,74.6023610944486,1011.4092142606111,9.9458021241629,21.55614992773556,74.7670414922871,1011.1019887172806,9.966162330491972,21.246747333852277,74.84719890669922,1010.9040904161892,9.97688775254375,21.039783887311355,74.89212953780799,1010.7661999173578,9.983219676701491,20.891671315210093,74.91980995805712,1010.6646931131115,9.987266396645039,20.780455513899675,74.93805920550844,1010.5868792887082,9.990008330556051,20.69388641572251,74.95072094334876,1010.5253443688298,9.991951492107049,20.6245931784238,74.95986324249151,1010.4754709379238,9.993378454156007,20.56787615674931,74.96667901051683,1010.4342348856217,9.994457066537132,20.52059789012978,74.9718954945149,1010.3995734698459
1.0,74.4025542997555,1006.2159875234604,6.618483720500247,29.489846193555863,65.4353663171501,1014.8596895068166,9.08060461173628,25.850972729404624,71.78830891165423,1013.5867804544976,9.608524139557048,24.047145635611248,73.43052660435548,1012.7041710667942,9.78614590639686,23.07438514580381,74.07540192465719,1012.1497818176417,9.865794309845619,22.47403959254523,74.39190871667876,1011.7783757893427,9.908085186157475,22.06829559548641,74.57006962278044,1011.5143006662727,9.933160286055966,21.77623900230978,74.68009722460535,1011.3175869557177,9.949227731234553,21.55614992773556,74.75274837697006,1011.1656450453352,9.960133155682483,21.384427887371153,74.8032075634516,1011.0448731203139,9.967870746907495,21.246747333852277,74.83966776453983,1010.946632473053,9.97355766149339,21.133919528761954,74.8668640805127,1010.8651884000931,9.9778589902599,21.039783887311355,74.8876872931567,1010.7965910330712
1.5,46.33304607172985,1008.6029225090053,6.127086625418407,29.54085781609694,56.591968579603694,1014.5464871341284,8.141474403335407,28.060811082606932,68.10453458802209,1014.6601954298361,9.155959499759403,25.850972729404624,71.5466254609377,1013.7798768257337,9.529684374568976,24.51771471491684,72.9465644066503,1013.0918490153487,9.702292157972751,23.662725290860475,73.6434052751125,1012.5940336557932,9.795182482781124,23.07438514580381,74.03845235516903,1012.2266306167166,9.850661840822585,22.64665602526633,74.28342480953135,1011.9470917115433,9.886368373046034,22.322351186115114,74.44559795437789,1011.7282959063565,9.910672978251212,22.06829559548641,74.5584291030025,1011.5528350166019,9.927951578469148,21.8640329676227,74.64005680037856,1011.4092142606111,9.94066886629943,21.69630324649922,74.70099866761862,1011.2896039685138,9.95029777320072,21.55614992773556,74.74769094657303,1011.1885131321357
2.0,72.65780938098739,1014.9467912331169,7.908587230522839,25.984721441039564,48.93909426688132,1012.2863631331791,7.167706326905715,29.489846193555863,63.52856359954484,1014.9978680152075,8.587349907537742,27.40176853196037,69.05053931604003,1014.5491145647056,9.190317198938256,25.850972729404624,71.41559191208577,1013.8818596065033,9.481188406652292,24.794255386042032,72.61693820122855,1013.3241743180317,9.64078907763361,24.047145635611248,73.30492384168926,1012.8863631161831,9.737108691583986,23.49598808135342,73.73403393651544,1012.5420327546565,9.799488748213802,23.07438514580381,74.01914462322573,1012.2670532946452,9.84212198800577,22.742192892107266,74.21799388888407,1012.043606866145,9.872515276534262,22.47403959254523,74.36209858158966,1011.8590237178573,9.894929843239256,22.253212251727433,74.46981967845846,1011.7042744211054,9.91192618535191,22.06829559548641,74.55243105850927,1011.5728328030806
2.5,48.60468130711768,1007.2798944455532,9.801022957524573,20.16591892229348,45.15011255099332,1009.0471601856226,6.397712768906133,29.99965585678249,58.564146779784366,1014.5464871341284,7.959777183743863,28.63246729498086,66.07460696470503,1014.9495153818606,8.786437359552716,27.04167511454534,69.5300381833214,1014.4809610051498,9.209964691548409,25.850972729404624,71.33342020051045,1013.9447273142213,9.448473349300311,24.976031478819507,72.38003422364517,1013.4779139687402,9.594406296895958,24.317468844273712,73.0377986958443,1013.0918490153487,9.689695147420098,23.8076640899239,73.47691036459962,1012.7744689573186,9.755165123780746,23.40287119256964,73.78413876458997,1012.5117557730175,9.802008020616517,23.07438514580381,74.0072806203898,1012.2919840233134,9.836643455350922,22.80284915550471,74.17435419472106,1012.1060662287456,9.862956917871777,22.574831920553734,74.30263931997811,1011.9470917115433
3.0,69.9047506236612,1007.3171354099978,9.50780450868661,14.284386812576564,46.548623754987794,1006.2159875234604,6.02001500679911,29.54085781609694,53.75779745179286,1013.3773159027558,7.33624236508401,29.489846193555863,62.776607938023304,1014.9486152442992,8.339934285800481,28.060811082606932,67.34847065807256,1014.8596895068166,8.897798591095526,26.81638760023334,69.81900100012902,1014.4352349462973,9.222680146484201,25.850972729404624,71.27708593711343,1013.9873095647847,9.424949249076837,25.104553869072994,72.2021632386048,1013.5867804544976,9.55838563882834,24.51771471491684,72.82337336793687,1013.2435279368942,9.650671229819357,24.047145635611248,73.25971439295336,1012.952099279646,9.716997288921677,23.662725290860475,73.5775017491081,1012.7041710667942,9.766195648623912,23.343440039141242,73.81591491004328,1012.4919431820242,9.803661404151692,23.07438514580381,73.99925176741763,1012.3088958777074
3.5,51.78406109663597,1014.9530367784744,7.384770839008602,10.563778076990376,52.64608767988951,1005.0052254145104,6.127086625418407,28.15789313258297,49.63862790375185,1011.6749407507796,6.779341129331633,29.936827001581868,59.33139726579214,1014.5464871341284,7.87500749583366,28.88354996422273,64.93865129836017,1014.9994193084705,8.555253078632381,27.67543502236027,68.10453458802209,1014.7795267065078,8.968628057562704,26.662484248550065,70.01194238761963,1014.4025169655392,9.23158109217424,25.850972729404624,71.23606218377893,1014.018041318472,9.407232265637676,25.20020541953727,72.06393104667787,1013.6677455521916,9.529684374568976,24.671910436291828,72.64816652575011,1013.3597627371576,9.618167290994775,24.236762572039382,73.07506195845637,1013.0918490153487,9.684052896440075,23.873240179410782,73.39609429797645,1012.8589893348855,9.734368315278846,23.565600452691736,73.6434052751125,1012.6559309896044
4.0,66.36268511005495,1008.5604834166746,6.008356294423485,10.410757253368615,61.3124847515917,1005.9333530421621,6.692712758272776,25.984721441039564,46.66010147680438,1009.708129282862,6.344979913884594,29.95407957751765,55.92163492149152,1013.7757351311583,7.416855034088215,29.489846193555863,62.375431827103746,1014.8932785223292,8.193919096001157,28.414709848078964,66.22495060981602,1014.9662523686518,8.692188797281748,27.40176853196037,68.60279979108685,1014.7137281450373,9.017546606376628,26.550778971785185,70.14982508924771,1014.3779760990501,9.238159754948075,25.850972729404624,71.20485546225584,1014.0412570482306,9.393413418694331,25.274153857718655,71.95351336324596,1013.7302332682566,9.506313460854184,24.794255386042032,72.50265008897333,1013.451504172762,9.590759110798752,24.390539679535607,72.91675753694716,1013.2044310394797,9.655461738234306,24.047145635611248,73.23643329502204,1012.985977206812
4.5,55.61791786899246,1006.2450637661416,7.048926144008015,13.883177500007681,69.52039313913951,1008.6029225090053,7.57840840113844,23.23184506999687,45.15011255099332,1007.7873977835258,6.076763556621624,29.54085781609694,52.72810146069185,1012.6988509120032,6.990307790800285,29.86492770713234,59.73842874869854,1014.5464871341284,7.826023343088149,29.02267594099095,64.21854273042018,1014.989256169659,8.399751498231574,28.060811082606932,67.06992546260611,1014.9135916752357,8.786437359552716,27.19839748887366,68.95506600810054,1014.6601954298361,9.053321009048888,26.466046695911523,70.2532415245678,1014.3588986757289,9.24321993654133,25.850972729404624,71.18031915244728,1014.0594097252491,9.382336054934648,25.3330267353602,71.86332944151233,1013.7798768257337,9.486932040778523,24.893668987771292,72.38003422364517,1013.5256579057136,9.567379046924408,24.51771471491684,72.77986085997915,1013.2969233598574
5.0,62.31377174831376,1014.5647262536381,9.24368369353056,19.66820783452443,74.4025542997555,1011.8707561528561,8.567324370926453,20.16591892229348,45.27488992933382,1006.2159875234604,6.001617874947575,28.715031914412656,49.92011330341903,1011.4031469975718,6.618483720500247,29.99965585678249,57.109550370075176,1013.9761002851152,7.464014554793836,29.489846193555863,62.12618845884511,1014.8477797459116,8.098075043633262,28.63246729498086,65.4353663171501,1014.9973863813904,8.542131439581484,27.788668934367948,67.66455931111457,1014.8596895068166,8.855069691215025,27.04167511454534,69.216948396727,1014.6162790792843,9.08060461173628,26.399586442271897,70.3336641975296,1014.3436480901794,9.247232906366259,25.850972729404624,71.16052138377971,1014.0739907880962,9.373259182083377,25.381004285780424,71.78830891165423,1013.8202425271159,9.470608477846312,24.976031478819507,72.27539886898451,1013.5867804544976
5.5,59.800848791654104,1009.9557434535479,9.929153176050926,25.5786800809094,74.25348887937794,1014.337484348094,9.41733954858252,17.08392118686147,47.02069735595646,1005.2419896305524,6.127086625418407,27.512315556992927,47.64654582802762,1009.9936775553481,6.321534897983468,29.890748067616226,54.57045263577268,1013.2101695031141,7.120142264855524,29.808930570231556,59.9905163311267,1014.5464871341284,7.794131854357218,29.110539908950617,63.7226317747856,1014.9631328656095,8.288728378783787,28.31689082568119,66.292103103111,1014.9729170196753,8.64593025509238,27.574346414881013,68.10453458802209,1014.809840007308,8.907192242851155,26.917350352836884,69.41911147949125,1014.5798018144908,9.10209139390663,26.346070800152695,70.39798704065387,1014.3311803753036,9.25049322475838,25.850972729404624,71.14421051736066,1014.0859588239539,9.365686423825585,25.420852944550283,71.72493767601048,1013.8536943944948
6.0,58.08054465558893,1005.4721081899669,8.273474436415666,29.37999976774739,69.12526971798383,1014.9467912331169,9.920340573300733,14.284386812576564,50.19534568704582,1005.0191769558207,6.440574197909269,25.984721441039564,46.02794021886587,1008.5847207295888,6.115555318662683,29.54085781609694,52.200002801673776,1012.2863631331791,6.806042310173114,29.974949866040546,57.85503741873794,1014.0953110126121,7.494946740606628,29.489846193555863,61.956355631072185,1014.8116402641742,8.030480362444644,28.77885500694737,64.8523716935411,1014.9978680152075,8.428565799306417,28.060811082606932,66.925187271135,1014.9369055044045,8.724715508953347,27.40176853196037,68.44267010435927,1014.7652566516495,8.948079690164391,26.81638760023334,69.57980716627111,1014.5491145647056,9.119447069218042,26.30205752492054,70.45060064020748,1014.3207988649918,9.25319446082645,25.850972729404624,71.1305400063394,1014.095957841505
6.5,63.99964398539906,1013.812792252398,6.285917337628977,29.63498766431188,60.809331308439745,1013.4377560755653,9.953175251456047,12.038490187951343,54.44935024556193,1005.5827267213992,6.910610069064633,24.198311934217365,45.15011255099332,1007.290513102203,6.011708638202901,28.958509979593657,50.07182972857312,1011.2501138148168,6.532343101205634,29.985313405398315,55.76325885668332,1013.5091252518051,7.207434542765724,29.76627413240572,60.16194175587401,1014.5464871341284,7.771720875769424,29.17088117390182,63.360758698687526,1014.9340995769156,8.205744156620586,28.49810148290048,65.68864640737097,1014.9957189061167,8.534997657249175,27.85050579670633,67.41075582011256,1014.8979595971279,8.786437359552716,27.260086552607127,68.71036030559357,1014.725818122634,8.980988443588952,26.73280282439665,69.71056084918429,1014.5229880407705,9.133756124314917,26.265224322525242,70.49443322698026,1014.3120211362167
7.0,54.00022027517473,1011.3545289415393,6.37850692053418,26.247239537541923,52.210670188249715,1010.4565861777737,9.50780450868661,10.563778076990376,59.31440422892129,1006.8436668106384,7.490008078541374,22.230342140095477,45.05960394882536,1006.2159875234604,6.015623126097772,28.15789313258297,48.25203688623929,1010.152384112535,6.3083059813307365,29.83985946873937,53.75779745179286,1012.8072545691415,6.938240313897696,29.936827001581868,58.365198716401935,1014.173936920632,7.516791986601095,29.489846193555863,61.83321245303293,1014.7827436874219,7.980302649451746,28.88354996422273,64.40512430653307,1014.9854671245903,8.339934285800481,28.2613989673087,66.33014886174743,1014.9764416153802,8.618465381645368,27.67543502236027,67.79429936232974,1014.8596895068166,8.836034158008209,27.141818424351282,68.92737899203692,1014.6909984737512,9.008033453043188,26.662484248550065,69.819001000129,1014.5005022108825
7.5,67.87982983226594,1005.0598418795357,8.438879926422919,20.497574063010788,46.33304607172985,1007.2798944455532,8.693270635670052,10.003097146837765,64.2549327819484,1008.6029225090053,8.120603373281668,20.16591892229348,45.76121304456322,1005.4482652784461,6.127086625418407,27.15851385008579,46.797149104658494,1009.0471601856226,6.141511844568279,29.54085781609694,51.87951143009853,1012.0128374533475,6.693585737633935,29.99965585678249,56.591968579603694,1013.7027900019083,7.269971484118028,29.733208985086105,60.286065489578476,1014.5464871341284,7.755111960531931,29.214805132091442,63.08522128577773,1014.9062918894106,8.141474403335407,28.63246729498086,65.20794940146648,1014.9998339022206,8.44551568023233,28.060811082606932,66.83652669860534,1014.9495153818606,8.685544033923073,27.527784252547292,68.10453458802209,1014.8235605639868,8.876723319412894,27.04167511454534,69.10677435094891,1014.6601954298361
8.0,50.39783490796201,1012.7571334062085,9.966644649962554,14.559788891106303,45.22968216308809,1005.2680212158094,7.708999932382773,10.410757253368615,68.72705234788756,1010.5827460242525,8.739091485445446,18.094320371245146,47.217741561813,1005.0495923945208,6.340058051268257,25.984721441039564,45.752356848695655,1007.9887967580564,6.037604615793906,29.092974268256818,50.166668012619844,1011.1520633605887,6.479125331082353,29.95407957751765,54.86775523273653,1013.1441758067791,7.035401096148593,29.89903076372124,58.73585991230966,1014.2295238148297,7.533039578773077,29.489846193555863,61.73983812400594,1014.7592877882093,7.941600955397423,28.961922010299563,64.05153089670662,1014.9678775025767,8.268980242350509,28.414709848078964,65.84216789964063,1014.9944816162472,8.530514548589236,27.88945462844257,67.24568336910414,1014.9196725830744,8.74055356675775,27.40176853196037,68.36042218314242,1014.7900793014461
8.5,71.13231295220675,1012.6454134306001,9.107762899272103,10.678804793718466,49.286015219591995,1005.2825018649226,6.795976194630352,11.747270765666542,72.23844469202899,1012.4705667556931,9.283383368170941,16.105134881998616,49.351966513174226,1005.0522928057661,6.642994804752262,24.665114691207457,45.15011255099332,1007.0293439624579,6.000100273474379,28.50319789818452,48.65416377893598,1010.2533093297313,6.299815756228741,29.800592251059243,53.217357567886324,1012.5112899153837,6.817016989639171,29.985990486350495,57.19917052792799,1013.8374802899202,7.3169132858005925,29.70699528486596,60.380086034809146,1014.5464871341284,7.742311011408951,29.24817494613451,62.86849164253569,1014.8809261771491,8.09027991486508,28.735749351670712,64.81654434383437,1014.9941806611638,8.371972236851011,28.225662283545972,66.35464103827417,1014.9786082438892,8.600278974956378,27.741787905679473,67.5827412778554,1014.8893230121765
9.0,47.56035250705275,1005.0411057327844,6.9045414795514635,10.321920024887385,57.08505140316995,1007.3171354099978,6.177739476230646,13.883177500007681,74.4025542997555,1013.9683393192457,9.698838417138706,14.284386812576564,52.05073444879893,1005.4561475659766,7.019478357318601,23.23184506999687,45.00912260260099,1006.2159875234604,6.030267877150224,27.780731968879213,47.37281370245079,1009.3462044798201,6.159801260338387,29.54085781609694,51.664512806240815,1011.8190823532886,6.618483720500247,29.993395375804077,55.69242762792503,1013.3773159027558,7.109485148103768,29.86492770713234,59.017194901482846,1014.2708318693474,7.5455958106138254,29.489846193555863,61.66660484674393,1014.7399424862439,7.910852968772286,29.02267594099095,63.76514472504712,1014.9486152442992,8.210966893893783,28.53532212870327,65.4353663171501,1014.9999221888988,8.456677076737662,28.060811082606932,66.7766458133903,1014.9572917409585
9.5,73.49800240453791,1011.481842893547,6.030727594406822,13.62406335140492,65.90236299521837,1010.5006399277329,6.005655687607243,16.611584764548294,74.9811427684293,1014.8395983601574,9.943749754727321,12.71081627275747,55.17096068491924,1006.2284126005642,7.449104100130575,21.719833378157535,45.333766311249335,1005.5887281718296,6.127086625418407,26.936850319532716,46.348723342176015,1008.4606532303748,6.062317893087775,29.177692024167655,50.231555092086815,1011.0839044421007,6.443132741173483,29.92118643996237,54.23174131581389,1012.8571992411762,6.913396473312694,29.962680007535027,57.66242053197422,1013.9361328931044,7.353420866272994,29.685770753813724,60.45376755566445,1014.5464871341284,7.732143523263961,29.274369173848676,62.69359567948474,1014.8581983451206,8.048564623977075,28.81743475615449,64.49194335817391,1014.9834533555847,8.310543847868574,28.35797285260195,65.94515644500078,1014.9935507198779
10.0,45.71380529377265,1013.7255658023968,7.546749129553818,19.336781026487994,72.65780938098739,1013.4697576728853,6.321856941847095,19.66820783452443,73.91051554576462,1014.9467912331169,9.993531117729047,11.452473927611601,58.547215442121335,1007.3064735580692,7.908587230522839,20.16591892229348,46.11395987508434,1005.1784144153561,6.287280397472849,25.984721441039564,45.602756981670154,1007.6258494458888,6.0096187141836666,28.715031914412656,48.93909426688132,1010.3231225486761,6.293906497782691,29.769938941725194,52.8327292578124,1012.2863631331791,6.731144176834558,29.99965585678249,56.326951699723814,1013.5470173764951,7.167706326905715,29.835004154323087,59.23794876630736,1014.3027016918712,7.555589922722824,29.489846193555863,61.6076316743739,1014.7237494518597,7.885840781176304,29.071089665059848,63.52856359954484,1014.9293261935395,8.162689295113447,28.63246729498086,65.09138898568882,1014.9978680152075
10.5,74.78844872373824,1005.4173922604218,9.61281898782451,25.300244393246388,74.99151878251507,1014.9530367784744,7.048926144008015,22.756969655291613,71.30853381514957,1014.2729945404415,9.843185033566046,10.563778076990376,62.000494687536346,1008.6029225090053,8.373024738845151,18.607961946068787,47.32546959699158,1005.0052254145104,6.505428609397527,24.93920298610089,45.15011255099332,1006.8693140051124,6.0029217200896365,28.15789313258297,47.80571944350165,1009.5547078569392,6.173309054936591,29.54085781609694,51.51034969866852,1011.6749407507796,6.5650489871232445,29.975629686965885,55.02181773813007,1013.1088647924161,6.990307790800285,29.936827001581868,58.027137065739105,1014.0112848899256,7.382613160196359,29.6682655669618,60.51306431957275,1014.5464871341284,7.72387284887649,29.295468200084194,62.54950714350362,1014.8379497240412,8.013932966420386,28.88354996422273,64.21854273042018,1014.9702160109904
11.0,45.00528816050475,1010.0885096255271,9.721631976667377,29.259824428086272,72.08825936460676,1014.3152993398401,8.008851395976102,25.5786800809094,67.46163961675674,1012.9245859644589,9.50780450868661,10.083161280572307,65.34771066386958,1010.0126448791946,8.817245098687367,17.08392118686147,48.930664610718374,1005.0776785747769,6.7741496340935665,23.816609920523316,45.00001199199671,1006.2159875234604,6.042381693390398,27.512315556992927,46.84773164408578,1008.7968118527158,6.083364076715114,29.2357680708981,50.27874152802387,1011.0337857314544,6.417225894443705,29.890748067616226,53.75779745179286,1012.6277325450318,6.822997765489308,29.990748449074257,56.82928814174453,1013.6754627428996,7.21460544052306,29.808930570231556,59.41575126634747,1014.3280179984855,7.563733305166611,29.489846193555863,61.559123740700265,1014.710014449214,7.865099408221514,29.110539908950617,63.3298884675107,1014.910771585688
11.5,74.90085569583408,1014.5089417382441,7.741136718027301,29.718507815296537,64.96222316923573,1011.8296407767647,8.966609517506011,27.860016659524728,62.79332255835347,1011.1144495705013,9.021057865433932,10.031408302568826,68.41139893145792,1011.4213420172749,9.217172510142449,15.630929032673873,50.87968573826657,1005.3922106621073,7.084350578337444,22.634459933634208,45.15551337528295,1005.6874081386603,6.127086625418407,26.785297820884722,46.078909346860016,1008.0673375494779,6.025580868931893,28.857100247577332,49.15107310732661,1010.3742795102746,6.289557219424825,29.745528811569866,52.545330096817416,1012.1102722269264,6.667447957440352,29.99650856344206,55.65227250965499,1013.2989528372361,7.052918975160792,29.911291909537617,58.32156485975516,1014.070322127053,7.406482521376779,29.653596302672472,60.561813465128,1014.5464871341284,7.717013595026973,29.312821518712862,62.42875622210789,1014.8199149807623
12.0,45.491241175891766,1006.1587266933817,6.074788267372867,26.502878401571166,56.10273965679369,1008.5604834166746,9.687707917464984,29.37999976774739,57.817499492870795,1009.1283660938851,8.431808832226318,10.410757253368615,71.02912727034477,1012.7147983965122,9.5511317570205,14.284386812576564,53.11199417251959,1005.9333530421621,7.425534965096756,21.41120008059867,45.61344859666859,1005.3010014654845,6.255078794823868,25.984721441039564,45.51031031403038,1007.3835165834995,6.000929052494757,28.407871057952505,48.139401473637186,1009.708129282862,6.183668644335148,29.54085781609694,51.394429165372024,1011.5636376616756,6.525212568917509,29.95407957751765,54.50382379880557,1012.8859231771396,6.8988550989022075,29.974949866040546,57.23636071239189,1013.7757351311583,7.253161740780862,29.786190034210545,59.562007165480665,1014.3486035012743,7.570496356646094,29.489846193555863,61.518522777696255,1014.6982273684266
12.5,73.82626904587124,1008.6881257314803,6.7448048503855045,20.828681293305984,48.60468130711768,1005.9077637342102,9.99559655835716,29.9913976038507,53.08193941255216,1007.2798944455532,7.799211190869024,11.204802800168109,73.0621075963027,1013.7881420769636,9.801022957524573,13.077102263420484,55.55825188126426,1006.6744924251059,7.786157909851043,20.16591892229348,46.364487922488465,1005.0695061275453,6.423400014915019,25.119265375148593,45.15011255099332,1006.7615021682799,6.009822292853415,27.89165935114099,47.25454342572067,1009.0471601856226,6.1009085122896884,29.277983658563155,50.31459968653332,1010.995386003139,6.397712768906133,29.863666024178187,53.391487938407344,1012.4409460443323,6.753653796071393,29.99965585678249,56.165946367685635,1013.446926982659,7.1047861839564135,29.88719945020429,58.564146779784366,1014.1178588926092,7.4263598283823855,29.64113383186029,60.602599022386606,1014.5464871341284
13.0,47.132953601325184,1014.9331379602024,8.938079373440937,14.841181531818908,45.087335622242776,1005.0074438845782,9.814893562900393,29.63498766431188,49.10796169285912,1005.8608676545717,7.186770421623364,12.379205632343199,74.4025542997555,1014.5543476004839,9.953302539396965,12.038490187951343,58.14247532512592,1007.5791797026565,8.154016772578697,18.918048654698914,47.39333006872964,1005.0005538045799,6.628160004000977,24.198311934217365,45.00349668430607,1006.2159875234604,6.052111358559479,27.31257760214213,46.50595987077385,1008.4031053823579,6.042330657983516,28.958509979593657,49.31475972641262,1010.4133732587624,6.286222493262105,29.72570375037583,52.32257357671094,1011.9689473824153,6.618483720500247,29.985313405398315,55.11605022043467,1013.0868778148102,6.962338326455074,29.956298549088586,57.57266560076142,1013.8559969697482,7.285402949421582,29.76627413240572,59.6844171674063,1014.3656648975376
13.5,71.65028973032447,1007.2060547557419,9.992935815114249,10.80409567085948,46.77941264456648,1006.2450637661416,9.189841326619785,28.345293278546716,46.33304607172985,1005.0953188496676,6.655968488125982,13.883177500007681,74.97939887935503,1014.9512919137281,9.99971727276683,11.193855779837513,60.78439559249405,1008.6029225090053,8.516664066657139,17.687061875979783,48.67901394142149,1005.096417639757,6.864626298544844,23.23184506999687,45.07257145014255,1005.7598587917056,6.127086625418407,26.67523914921212,45.901654668352585,1007.7873977835258,6.008680988578751,28.584385700204734,48.4031667358758,1009.8256456812658,6.191855715965877,29.54085781609694,51.304104059234405,1011.475152266155,6.494432789608897,29.931978518853747,54.092290860915185,1012.6988509120032,6.8267613932956674,29.993264317848627,56.591968579603694,1013.5649965376823,7.1484070343648956,29.86492770713234,58.76741788568595,1014.1569173038935
14.0,49.79964756618992,1007.3922449895655,8.62923980675555,10.243739945318424,53.08982118882956,1009.0906430129837,8.273474436415666,26.247239537541923,45.06267220817613,1005.1041113542434,6.260091759953061,15.651677603749237,74.76205788879396,1014.9467912331169,9.937751577677977,10.563778076990376,63.40195164297097,1009.6953733477701,8.861828652801362,16.4921677231038,50.19534568704582,1005.3539373012316,7.127333631032064,22.230342140095477,45.356343364913855,1005.4038906423423,6.233489984212917,25.984721441039564,45.44808905306067,1007.2109670954336,6.000387985618621,28.15789313258297,47.58734935413445,1009.2403285302161,6.115555318662684,29.31001928837847,50.34277128158432,1010.9650270593571,6.382499428293751,29.83985946873937,53.10014700661518,1012.2863631331791,6.698953113356496,29.997977451780464,55.62641275566161,1013.2470565915963,7.0161314424541725,29.936827001581868,57.855037418737936,1013.921579625422
14.5,68.54625501397967,1014.9643632404227,6.5019218770360485,13.371970151843083,61.81415399892711,1012.325632090669,7.29015146642259,23.544052536861646,45.43669061574187,1005.8858570251565,6.0388816779562635,17.608225350425666,73.76205442588802,1014.5412104686033,9.770763863178992,10.163608564986937,65.9138392163735,1010.8028056732676,9.177830965819545,15.35201211968391,51.91143235246423,1005.7646231684353,7.410210244585619,21.20466032413402,45.85073101427286,1005.1564917522049,6.369535952182387,25.24652558651832,45.15011255099332,1006.6840458020388,6.017557248913439,27.681634057040945,46.87404523142658,1008.6655137413383,6.058083669700819,29.03430094583637,49.44489172008208,1010.4442189016448,6.283584533096835,29.709315977974505,52.14492818250713,1011.8531530369856,6.579759775022421,29.97042273953946,54.680287898995836,1012.90457969978,6.889309368494134,29.98177702052145,56.95069470014065,1013.6611572201513
15.0,53.27889575806245,1008.475946894489,6.192615589816986,19.006084531011517,69.9047506236612,1014.5647262536381,6.480624174282357,20.497574063010788,47.413927063853215,1007.3171354099978,6.014545173646917,19.66820783452443,72.03240719497556,1013.7674336371982,9.50780450868661,10.003097146837765,68.24203623528265,1011.8707561528561,9.453978223880002,14.284386812576564,53.792311281853394,1006.3149362084055,7.7067182249134705,20.16591892229348,46.548623754987794,1005.0235061759375,6.532941634000833,24.466532529370262,45.010911128577035,1006.2159875234604,6.059970151874515,27.15851385008579,46.26914538429546,1008.1091480565267,6.02001500679911,28.715031914412656,48.616364929098005,1009.9184931940302,6.198484221332876,29.54085781609694,51.231746306765814,1011.4031469975718,6.4699706224475175,29.910689112233946,53.75779745179286,1012.5401538482051,6.768643778802364,29.99965585678249,56.057778543880126,1013.3773159027558
15.5,64.76143052279552,1006.3040965167539,8.076683499722886,25.015972269646134,74.53533289408574,1014.8490883326675,6.043093074362232,17.402898523420685,50.77671528858647,1009.1719791227584,6.1895253503390535,21.742539009676044,69.66481953364192,1012.6881976650903,9.163125352645812,10.086154592134497,70.31422625927354,1012.8467031643328,9.680926247328937,13.305951737622639,55.79966242764306,1006.9867343155009,8.010004606201532,19.12537881224345,47.4399839853918,1005.0080752977802,6.720965029498528,23.650956196759097,45.03197312819877,1005.8151009756041,6.127086625418407,26.59172376042591,45.77764554302365,1007.5789231611404,6.001729699453441,28.353751260200024,47.862634777788074,1009.3936697753193,6.127883423532795,29.33514280862376,50.36548833399225,1010.9404236181267,6.370312629538736,29.818969356405663,52.86303985331797,1012.1565328839608,6.654803514713782,29.990415021880267,55.179634945557865,1013.0718712890285
16.0,57.29354326063374,1014.6001301909839,9.867691179226336,29.129452507276277,74.08830520045306,1013.0569472404129,6.084681039353231,14.559788891106303,55.1548590243693,1011.1575491255077,6.546256223857957,23.7415123057122,66.78481743741371,1011.3910057505843,8.755407273159337,10.410757253368615,72.06604471558794,1013.6826498003445,9.850995643953384,12.431975046920718,57.89258906320451,1007.7578704000782,8.313059758555362,18.094320371245146,48.51199151348044,1005.1105636258161,6.930451045311336,22.80629399514357,45.213073354840766,1005.4885024783576,6.218052034992425,25.984721441039564,45.40360489303261,1007.082169347425,6.003410448410493,27.95220057023049,47.188653680929114,1008.875558495885,6.072350370774938,29.092974268256818,49.55079010234553,1010.4691767647008,6.281445686264841,29.69555949182324,51.999990331374995,1011.7566157053308,6.5484195852376255,29.95407957751765,54.319554544050646,1012.7467771821356
16.5,60.59731320589708,1009.8672442298802,9.39213861972778,29.79132629970487,68.71982717721653,1009.9557434535479,6.595205884994573,12.243640432901618,60.06638546982076,1012.9603675735361,7.048926144008015,25.5786800809094,63.54509435716161,1009.981032706481,8.306747724075729,10.968996370954319,73.44307813577694,1014.337484348094,9.958431661716936,11.676094854420127,60.02845099145615,1008.6029225090053,8.608879396300866,17.08392118686147,49.74922794624995,1005.3285501815635,7.157884438367402,21.93927504775197,45.55227548386699,1005.2419896305524,6.331708063152032,25.341209856067664,45.15011255099332,1006.6257541741467,6.02504046018227,27.51231555699293,46.59885005887499,1008.3698949020135,6.032332021272745,28.81529785796378,48.79201152454113,1009.9936775553481,6.203958229164736,29.54085781609694,51.172483241169815,1011.3434243557663,6.4500816694165,29.890748067616226,53.48076029060671,1012.4041130749432
17.0,61.52378555544932,1005.5103615965536,7.227138641003735,26.75135653292801,60.30526264997525,1006.8734914474619,7.449673323896806,10.678804793718466,64.97060379731369,1014.2958090742825,7.647072869697789,27.1745921385436,60.11741561820841,1008.572597508492,7.841463099929352,11.747270765666542,74.4025542997555,1014.7790021563551,9.999598916157252,11.050106417714165,62.16373327402778,1009.4940319082187,8.890626462768049,16.105134881998616,51.13389844825453,1005.6568856883108,7.399448802802369,21.056806586051643,46.04595276421696,1005.0799383941427,6.4666074591157425,24.665114691207457,45.01926205251426,1006.2159875234604,6.066403614841078,27.03621672715078,46.09709924043961,1007.8822767428044,6.008150463028046,28.50319789818452,48.09321325548305,1009.5182356490994,6.138363344987944,29.355363619198073,50.38419503004243,1010.9200811872913,6.36033484777468,29.800592251059243,52.66639537158562,1012.04607084836
17.5,56.38561426145698,1013.8694534077895,6.000054333802881,21.158876009965592,51.78406109663597,1005.1300900621522,8.438879926422919,10.016858375502824,69.32762770147919,1014.9530367784744,8.280649393796235,28.460231631789384,56.683511676866026,1007.2798944455532,7.384770839008605,12.726618223652311,74.91467078947737,1014.9854894547194,9.973104403324026,10.563778076990376,64.2549327819484,1010.4018214983514,9.151789150036654,15.168572367923062,52.6460876798895,1006.0878142072911,7.651090610483619,20.16591892229348,46.68882679564832,1005.0052254145104,6.6210324674825305,23.960560405413002,45.01213406210681,1005.8585343675845,6.127086625418407,26.52619915944225,45.686697999890505,1007.4181020024998,6.000000321503239,28.15789313258297,47.45813496139429,1009.0471601856226,6.085095373267174,29.13967557203187,49.63862790375185,1010.4897852659082,6.279676580973028,29.683856635871127,51.87951143009853,1011.6749407507796
18.0,65.63264396650519,1011.2691168138102,7.200029370023297,15.128254875394905,46.1329233762882,1005.4721081899669,9.32063341648816,10.321920024887385,72.65780938098739,1014.8282888827464,8.886051967546342,29.37999976774739,53.42544304046828,1006.2077343795975,6.961422691766629,13.883177500007681,74.96352068584648,1014.9467912331169,9.879844635786286,10.22469882334903,66.25944450573527,1011.2963642861326,9.386331401452187,14.284386812576564,54.26404623430978,1006.6111563484061,7.908587230522839,19.273709441515578,47.474023965421814,1005.0191769558207,6.793016701447768,23.23184506999687,45.12878744822284,1005.5583364512756,6.206483167331706,25.984721441039564,45.37034289535872,1006.9825091442324,6.007947193176715,27.780731968879213,46.890175306740026,1008.5847207295888,6.044507030319191,28.894489794264608,48.93909426688132,1010.0557881973014,6.208553952417658,29.54085781609694,51.12305713068537,1011.2930967483055
18.5,52.461835212819224,1005.0742686976588,9.370818876238525,10.939512742666238,45.32595447890239,1007.7530849544852,9.879049787496513,11.564440218569144,74.59454209790457,1013.9412603368766,9.402505180665282,29.894120234025817,50.515947688587026,1005.4430468026824,6.594363228523516,15.188769684465402,74.54758665566814,1014.6648106634773,9.722975306736366,10.038159875135207,68.13642956766455,1012.1481699840759,9.588832418460987,13.462163571234589,55.964503453239004,1007.2145497276999,8.167617786387495,18.387286059201948,48.393148941007105,1005.1215453579033,6.980370181992832,22.483414148625013,45.36825879707352,1005.3195439728312,6.303799936579184,25.414393815700585,45.15011255099332,1006.5803202266982,6.031927117589085,27.37318721334619,46.39237376604471,1008.1351085737251,6.016867073717556,28.620597607641013,48.28870200649178,1009.6213695555157,6.147361190106355,29.37198361318019,50.39986710988043,1010.9029813394711
19.0,69.29280918838815,1012.8305381844909,9.878033807430743,10.176303103715767,49.64505185697641,1010.9962479893968,9.977409236373338,13.62406335140492,74.92461848640818,1012.431993444269,9.77816310900252,29.98035936599308,48.109282760879424,1005.0478316948063,6.303486292492943,16.611584764548294,73.67978808173933,1014.153415502059,9.50780450868661,10.00707211024622,69.84764725179333,1012.9291572133383,9.7546119474478,12.71081627275747,57.72300212252467,1007.883740991496,8.423835661605992,17.513710595048828,49.43637443302512,1005.3105134325795,7.180707224209293,21.719833378157535,45.72857036924476,1005.1454582081213,6.418064576171166,24.817965600845724,45.02745399927649,1006.2159875234604,6.071747092129445,26.936850319532716,45.96739435793851,1007.7023987512808,6.002358522702035,28.318882982042844,47.690340684405705,1009.1898121002864,6.096437481449021,29.177692024167655,49.71265135407125,1010.507089931583
19.5,49.13854204949289,1012.5698922799377,8.10613707242805,13.127175497164986,57.581430535137166,1013.812792252398,9.591629939627888,16.301285874253335,73.61170172175295,1010.5387682614972,9.975314045157688,29.63498766431188,46.33304607172985,1005.0541326375873,6.104556795737777,18.116956658466854,72.38707977216377,1013.4377560755653,9.241613119989198,10.131920642855588,71.35823410038685,1013.613579259253,9.879838450915509,12.038490187951343,59.51425023360413,1008.6029225090053,8.672941437397302,16.659942513959788,50.5925462686811,1005.5827267213992,7.391476815664259,20.94576091577346,46.206746433397235,1005.0384858708675,6.54813539159972,24.198311934217365,45.003173173237414,1005.8935442358138,6.127086625418407,26.473425173671444,45.61751138848133,1007.290513102203,6.0010774463083045,27.990319682531464,47.14666869946579,1008.7643769702972,6.056065093174425,28.958509979593657,49.06398504445497,1010.1079548786305
